,phrase,label,sentiment,subjectivity,language,count
Berlin,,,,,,
Deutschland,,,,,,
Brandenburg,,,,,,
Bayern,,,,,,
Glatteis,,,,,,
Hessen,,,,,,
Deutschlands,,,,,,
Schnee,,,,,,
Hamburg,,,,,,
Alpen,,,,,,
Thüringen,,,,,,
NRW,,,,,,
Sachsen,,,,,,
Niedersachsen,,,,,,
Rheinland-Pfalz,,,,,,
…,,,,,,
Saarland,,,,,,
Baden-Württemberg,,,,,,
Bayerns,,,,,,
Harz,,,,,,
Erzgebirge,,,,,,
Nordrhein-Westfalen,,,,,,
Mount Everest,,,,,,
USA,,,,,,
Offenbach,,,,,,
Bergen,,,,,,
Schleswig-Holstein,,,,,,
Mecklenburg-Vorpommern,,,,,,
New York,,,,,,
Bremen,,,,,,
“,,,,,,
Unfälle,,,,,,
Berlins,,,,,,
Sauerland,,,,,,
Landes,,,,,,
Sachsens,,,,,,
Sölden,,,,,,
Sachsen-Anhalt,,,,,,
Freistaat,,,,,,
Österreich,,,,,,
Streusalz,,,,,,
Oberwiesenthal,,,,,,
Schneeschauer,,,,,,
Skigebiete,,,,,,
Schneesturm,,,,,,
München,,,,,,
Nässe,,,,,,
Unfällen,,,,,,
Schneetreiben,,,,,,
Wochenmitte,,,,,,
Céüze,,,,,,
Ostsee,,,,,,
Regen,,,,,,
Italien,,,,,,
Erfurt,,,,,,
Wintereinbruch,,,,,,
Mittelgebirgen,,,,,,
Stadt,,,,,,
Norddeutschland,,,,,,
Meteorologen,,,,,,
Frost,,,,,,
Dauereinsatz,,,,,,
Warnungen,,,,,,
Ibiza,,,,,,
Frankreich,,,,,,
Sturmböen,,,,,,
Russland,,,,,,
Allgäu,,,,,,
Thüringer Wald,,,,,,
Oberpfalz,,,,,,
Österreichs,,,,,,
Schneeregen,,,,,,
Wasserkuppe,,,,,,
Willingen,,,,,,
Hessens,,,,,,
Leipzig,,,,,,
Ludwigsburg,,,,,,
lsw,,,,,,
Mitteldeutschland,,,,,,
Anmarsch,,,,,,
Ukraine,,,,,,
China,,,,,,
Schweiz,,,,,,
Feldberg,,,,,,
Nebel,,,,,,
Morgenstunden,,,,,,
sn,,,,,,
Tirol,,,,,,
Winterdienste,,,,,,
Mittelgebirge,,,,,,
Rutschpartien,,,,,,
Stuttgart,,,,,,
Tag,,,,,,
Silvesternacht,,,,,,
Sturm,,,,,,
Niederbayern,,,,,,
Staus,,,,,,
Schüssen,,,,,,
Orkanböen,,,,,,
Temperaturen,,,,,,
Winterwetter,,,,,,
Amsterdam,,,,,,
Glätte,,,,,,
Thüringens,,,,,,
Brandenburgs,,,,,,
Flughafen München,,,,,,
Süddeutschland,,,,,,
Minusgrade,,,,,,
Wien,,,,,,
Glatteisgefahr,,,,,,
Oberharz,,,,,,
Niederösterreich,,,,,,
Straßenmeistereien,,,,,,
Potsdam,,,,,,
Sprühregen,,,,,,
Dresden,,,,,,
Himalaya-Region,,,,,,
Osthangs,,,,,,
Tibet,,,,,,
Kaltfront,,,,,,
Europas,,,,,,
Himalaya,,,,,,
Braunlage,,,,,,
Autobahn 1,,,,,,
Sonntag Glatteis,,,,,,
Freistaat Winterwetter,,,,,,
Hessens Bergen,,,,,,
Oberbayern,,,,,,
Schneeflocken,,,,,,
den USA,,,,,,
Hessens Berge,,,,,,
Hildesheim,,,,,,
Erbeskopf,,,,,,
Lausitz,,,,,,
Weihnachten,,,,,,
Eisregen,,,,,,
Startlöchern,,,,,,
A1,,,,,,
Salzburg,,,,,,
Klagenfurt,,,,,,
Autobahn 93,,,,,,
Sonne am Tag,,,,,,
Europa,,,,,,
Notstand,,,,,,
A7,,,,,,
Thüringer,,,,,,
MV,,,,,,
Salzburger,,,,,,
Pongau,,,,,,
Baden-Württembergs,,,,,,
Glättegefahr,,,,,,
A93,,,,,,
Hochlagen,,,,,,
lrs,,,,,,
Verkehrsbehinderungen,,,,,,
Hochkönig,,,,,,
Westchinas,,,,,,
Razzia,,,,,,
Spätherbst,,,,,,
Niedersachsens,,,,,,
Alpenrand,,,,,,
Ostküstenmetropole New York,,,,,,
Schnees,,,,,,
Florida,,,,,,
Potsdamer Platz,,,,,,
Schwarzwald,,,,,,
Vorarlberger,,,,,,
Schmitten,,,,,,
Oberkärnten,,,,,,
Hansestadt,,,,,,
Salzburger Land,,,,,,
d…,,,,,,
Oder,,,,,,
Wintermodus,,,,,,
Portal Flightaware,,,,,,
Bürserberg,,,,,,
Schwäbischen Alb,,,,,,
Bodennähe,,,,,,
Nepal,,,,,,
Winter-Chaos,,,,,,
Wetter-Mix,,,,,,
Oldenburg,,,,,,
lhe,,,,,,
Maxhütte-Haidhof,,,,,,
Brandenburgs Straßenmeistereien,,,,,,
Haus,,,,,,
Ostwestfalen-Lippe,,,,,,
Arlberg,,,,,,
Mittelhessen,,,,,,
Dauerfrost,,,,,,
Brand,,,,,,
Hamburger S-Bahn,,,,,,
Flughafen,,,,,,
Schneeverwehungen,,,,,,
Einschränkungen,,,,,,
Rhein-Main,,,,,,
Erde,,,,,,
Hochschwarzwald,,,,,,
Südschwarzwald,,,,,,
Kärntner,,,,,,
Pinzgau,,,,,,
Nordrhein-Westfalens,,,,,,
Emsland,,,,,,
Schneekanonen,,,,,,
Innsbruck,,,,,,
Los Angeles,,,,,,
Land,,,,,,
Oberhof,,,,,,
Rodelspaß,,,,,,
Fichtelberg,,,,,,
Dec,,,,,,
Pariser,,,,,,
Hessen Offenbach,,,,,,
Nord-,,,,,,
Wochenende,,,,,,
Landkreis Heidenheim,,,,,,
Oberösterreich,,,,,,
Winters,,,,,,
Hauser Kaibling,,,,,,
Torfhaus,,,,,,
Formentera,,,,,,
Nordsee,,,,,,
T…,,,,,,
Schnee-Drama,,,,,,
Provinz Qinghai,,,,,,
Rettung am Reinersberg,,,,,,
Bietigheim-Bissingen,,,,,,
Olympiapark,,,,,,
Peking,,,,,,
Wetterwoche,,,,,,
Basislager,,,,,,
Tür,,,,,,
Chinas,,,,,,
Schmutz,,,,,,
Rettungsaktion,,,,,,
Mallnitz,,,,,,
Gartenliebhaber,,,,,,
Tschechien,,,,,,
Weißröckchen,,,,,,
Mainz,,,,,,
Köhlbrandbrücke,,,,,,
Ski-Saison,,,,,,
’s,,,,,,
Zugausfälle,,,,,,
Celsius,,,,,,
Schneeflöckchen,,,,,,
Volleinsatz,,,,,,
Buëch-Dévoluy,,,,,,
Straße,,,,,,
Südosteuropa,,,,,,
Dokumentationen,,,,,,
st…,,,,,,
feucht-kühl,,,,,,
Franken,,,,,,
Kanada,,,,,,
Kärnten,,,,,,
Schockstarre,,,,,,
Dienstag,,,,,,
Rekordkälte an der Ostküste,,,,,,
Berlin/Potsdam,,,,,,
Verkehrseinschränkungen,,,,,,
Kommunen,,,,,,
Thüringer Skigebieten,,,,,,
Dauerregen,,,,,,
Eiskratzer,,,,,,
Befürchtetes Glättechaos,,,,,,
Glättechaos,,,,,,
Gehwegen,,,,,,
Feiertagen,,,,,,
Chancen,,,,,,
Slowenien,,,,,,
Tauernautobahn,,,,,,
Jilin,,,,,,
Skibetrieb,,,,,,
Schneegriesel,,,,,,
milder,,,,,,
Tiefdruckeinfluss,,,,,,
Düsseldorf,,,,,,
Silbersattel,,,,,,
Bregenz,,,,,,
Barentssee,,,,,,
Graz,,,,,,
Kusel,,,,,,
Kreis Kusel,,,,,,
Bodensee,,,,,,
Kaltfront Brandenburg,,,,,,
Sauerlands,,,,,,
Weiße Weihnachten,,,,,,
Jahrzehnten,,,,,,
Niederlausitz,,,,,,
Hoch Sieglinde,,,,,,
Annaberg,,,,,,
Schnee-Spaß,,,,,,
Donau,,,,,,
Mailand,,,,,,
Amsterdamer Flughafen Schiphol,,,,,,
Hannover,,,,,,
Flughafen Schiphol,,,,,,
Streumittel,,,,,,
Schneechaos,,,,,,
Niederlande,,,,,,
Park Sanssouci,,,,,,
Kürten,,,,,,
Trab,,,,,,
Wetter-Vorhersage,,,,,,
Rekordhöhe,,,,,,
Würzburg,,,,,,
Lösungen,,,,,,
Rhein,,,,,,
Nebenflüssen,,,,,,
Glatteises,,,,,,
lnw,,,,,,
Neuschnee,,,,,,
Komfort,,,,,,
Reich von Russlands,,,,,,
Rhein-Main-Liveblog,,,,,,
Großbritannien,,,,,,
Strahlende Wintersonne,,,,,,
Lawinengefahr,,,,,,
Sony Center,,,,,,
Nieselregen,,,,,,
Sulzberg,,,,,,
Hochhäderich,,,,,,
Kurzes Wintergastspiel,,,,,,
Verkehrsproblemen,,,,,,
Hövelhof,,,,,,
Zalando,,,,,,
Industriechemikalien,,,,,,
Alb,,,,,,
Miniatur-Wunderland-Gründer,,,,,,
Neckargemünd,,,,,,
Mittelfranken,,,,,,
Niederschläge,,,,,,
Wintermontur,,,,,,
Ostdeutschland,,,,,,
Wintersturm,,,,,,
Berchtesgadener Land,,,,,,
Tiroler,,,,,,
Dolomiten,,,,,,
L…,,,,,,
Nordseeküste,,,,,,
Zugreisende,,,,,,
Oberschwaben,,,,,,
Nassfeld,,,,,,
Markgräfler Land,,,,,,
US-Bundesstaat Kalifornien,,,,,,
Steiermark,,,,,,
Sonntagnachmittag,,,,,,
Schneefallgrenze,,,,,,
Starkregen,,,,,,
BVG,,,,,,
Eisregen-Walze,,,,,,
Streusalz-Alternativen,,,,,,
Bayerischen Wald,,,,,,
Ranstadt,,,,,,
Crans-Montana,,,,,,
gefrierender Regen,,,,,,
Sturmtief «Elli,,,,,,
Nordmeer,,,,,,
Landeshälfte,,,,,,
Minusbereich,,,,,,
Verspätungen,,,,,,
Paris,,,,,,
Hochrhein,,,,,,
bayerischen Alpen,,,,,,
Berchtesgadener Alpen,,,,,,
Weihnachtsfilmen,,,,,,
Rutschbahn,,,,,,
Flughafen Berlin Brandenburg,,,,,,
Flughafen BER,,,,,,
Verkehrschaos,,,,,,
New York Schnee,,,,,,
Winterwunderland,,,,,,
New Jersey,,,,,,
Ermäßigungen,,,,,,
Sonnenschein,,,,,,
Brandenburgs Winterdienst,,,,,,
Wintersaison,,,,,,
Fahrbahn,,,,,,
Winterwochenende,,,,,,
Tübingen,,,,,,
Zermatt,,,,,,
Berchtesgaden,,,,,,
Ischgl,,,,,,
Semmering,,,,,,
Potsdam/Berlin,,,,,,
Bezirk Neunkirchen,,,,,,
Oberlausitz,,,,,,
türkisblaues Meer,,,,,,
Dreikönigstag,,,,,,
Plätzchen,,,,,,
Flugausfälle,,,,,,
Panbari,,,,,,
Loser,,,,,,
Friedrich-Ebert-Anlage,,,,,,
Frankfurter Messe,,,,,,
Schulgesetz,,,,,,
Gelnhausen,,,,,,
Donnerstag,,,,,,
Regenschauer,,,,,,
Herbststurm,,,,,,
Frankfurt,,,,,,
Orkanartige Böen,,,,,,
Uber Arena,,,,,,
Herbstferien,,,,,,
der Schweiz,,,,,,
Wilhelmshaven,,,,,,
Zermatter Bergbahnen,,,,,,
Hochpreis-Image,,,,,,
Mittelmeerraum,,,,,,
Ost-,,,,,,
Gletscher,,,,,,
Skireisen,,,,,,
Kultfilms,,,,,,
Nächtigungszahlen,,,,,,
Oberrheingraben,,,,,,
St. Anton,,,,,,
Herr Ebel,,,,,,
Fuldatal,,,,,,
Rheinland,,,,,,
Friedrichshain,,,,,,
Freistaat Wind,,,,,,
Schne…,,,,,,
Olympia,,,,,,
Bramberg,,,,,,
Skigebiete Steinplatte,,,,,,
Oberallgäu,,,,,,
Kältestes Weihnachten,,,,,,
Wolkenfelder,,,,,,
Cortina d’Ampezzo,,,,,,
Mengen,,,,,,
Augentest,,,,,,
Steinplatte,,,,,,
Qudang,,,,,,
Cortina,,,,,,
Velogemel-Fahren,,,,,,
Landkreis Waldeck-Frankenberg,,,,,,
Mittelmeer,,,,,,
Hochrindl,,,,,,
Finnland,,,,,,
China-Route,,,,,,
zunichtegemacht,,,,,,
Trient,,,,,,
Monte Bondone,,,,,,
Pfas im Schnee,,,,,,
Skitest,,,,,,
Schnee-Kanonen,,,,,,
Arktis,,,,,,
Lappland,,,,,,
Weihnachtstage,,,,,,
Innsbrucker,,,,,,
Gemütlich,,,,,,
Gespräche,,,,,,
Verbrenner-Aus,,,,,,
CSU-Chef,,,,,,
ARD-aktuell,,,,,,
Ski-Looks,,,,,,
Täle…,,,,,,
Salzburger Landes,,,,,,
Ausrüstungen,,,,,,
Wintersporthandel,,,,,,
Lunz am See,,,,,,
Ötscherliften,,,,,,
Lackenhof,,,,,,
Bezirk Scheibbs,,,,,,
Altenburger Land,,,,,,
di…,,,,,,
Freitagvormittag,,,,,,
Frühlingsgefühle,,,,,,
sch…,,,,,,
Österreicher,,,,,,
Beaver,,,,,,
Beaver Creek,,,,,,
Wintersportsaison,,,,,,
Tauplitz,,,,,,
Planai,,,,,,
Frankfurt am Main,,,,,,
Adventswochenende,,,,,,
Höss,,,,,,
Riedberger Horn,,,,,,
Private-Equity-Firmen,,,,,,
noe,,,,,,
Bezirk Lilienfeld,,,,,,
Lokalaugenschein,,,,,,
NRWs örtl,,,,,,
Nord-Saudi-Arabien,,,,,,
Süddeutschlands,,,,,,
Berlin-Brandenburg,,,,,,
Österreich…,,,,,,
TikTok,,,,,,
Schwedens,,,,,,
Stockholm,,,,,,
Steiermark 70,,,,,,
CHANGCHUN,,,,,,
Böen,,,,,,
US-Konzerne,,,,,,
Bolsterlanger Horn,,,,,,
Tal auf Ku…,,,,,,
Nassfeld-Pressegger-See,,,,,,
Fest,,,,,,
Brandenburg mild,,,,,,
Prach…,,,,,,
Hamburger Flughafen,,,,,,
Flughafen“,,,,,,
Warmwasserziele,,,,,,
Kanaren,,,,,,
Ägypten,,,,,,
Arabischen Golf,,,,,,
Neue Loischkopfbahn,,,,,,
Loischkopf-Bahn,,,,,,
Bergbahnen Brandnertal,,,,,,
Heiligabend,,,,,,
Schneefans,,,,,,
Weihnachtsfeiertagen,,,,,,
Republik,,,,,,
Aschaffenburg,,,,,,
Bussen,,,,,,
Millstätter See,,,,,,
Glätteunfällen,,,,,,
Pichelsberg,,,,,,
Müllabfuhr,,,,,,
Unwetter-Front,,,,,,
Glatteis-Unfälle,,,,,,
Bibber-Nächte,,,,,,
Moerisch,,,,,,
Seeboden,,,,,,
Dreikönigstag winterlich,,,,,,
lni,,,,,,
Mittelbaden,,,,,,
Glatteis-Gefahr,,,,,,
Landkreis Hameln-Pyrmont Mülltonnen,,,,,,
Lauf-Alternativen,,,,,,
Nordseek…,,,,,,
TTS-Player,,,,,,
Schnee-Chaos,,,,,,
Blindenleitstreifen am Boden,,,,,,
Flughafen laufe,,,,,,
Alpentälern,,,,,,
Hamburg/Berlin Ein,,,,,,
hinunterzusausen,,,,,,
Rutschbahnen,,,,,,
Ged…,,,,,,
Polizeipräsidien,,,,,,
Großeinsatz,,,,,,
Polizeireviers Heilbronn,,,,,,
Winterferien,,,,,,
ICE-Züge,,,,,,
Köln-Hannover-Berlin,,,,,,
Wintereinbruc…,,,,,,
Arbeiterunterkunft,,,,,,
Après-Ski,,,,,,
Wiesbaden,,,,,,
Sperrungen,,,,,,
Daue…,,,,,,
Kälte,,,,,,
Hannover/Bremen,,,,,,
Wintersport,,,,,,
Rekordtempo,,,,,,
Unterrichtsausfall,,,,,,
St. Johannes Baptist,,,,,,
Samstagfrüh,,,,,,
"Sturmtief ""Elli""",,,,,,
"Sturmtief ""Elli",,,,,,
Emden,,,,,,
Ostfriesland,,,,,,
Wintersportfans,,,,,,
Leipzig/Dresden/Chemnitz,,,,,,
Sch…,,,,,,
Unsicherheiten,,,,,,
Komplikationen,,,,,,
Extremwetter,,,,,,
St. Pauli,,,,,,
Bahnfahrgäste,,,,,,
Kreuzfahrtpassagiere,,,,,,
Elli,,,,,,
Autofahrer,,,,,,
Bahn-Passagiere,,,,,,
Millerntor-Stadion,,,,,,
St. Pauli vs.,,,,,,
Haup…,,,,,,
Schneefällen in de,,,,,,
Glätteunfälle,,,,,,
Nato-Gebiet,,,,,,
Verkehrsbeeinträchtigungen,,,,,,
Schneeschippen,,,,,,
Winterliches Sturmtief,,,,,,
WELT-Reporter,,,,,,
Schulausfälle,,,,,,
Karibik,,,,,,
Flügen,,,,,,
wei…,,,,,,
Schweizern,,,,,,
Österreichern,,,,,,
Verkehrsbetriebe,,,,,,
Beschlag,,,,,,
län…,,,,,,
Unheilig-Auftritte,,,,,,
Hamburg-Konzerte,,,,,,
Oreschnik-Einsatz,,,,,,
Ukraine beka…,,,,,,
Weihnachtsurlaub,,,,,,
Amsterdamer Flughafen,,,,,,
Griesbach,,,,,,
hö…,,,,,,
Schnee-Alarm,,,,,,
Nordostküste,,,,,,
Qudang ge,,,,,,
bleibts,,,,,,
minus e,,,,,,
Kairo,,,,,,
Verkehrsunfällen,,,,,,
Kre…,,,,,,
Gl…,,,,,,
Erzgebirgsdorf,,,,,,
Südbayern,,,,,,
Skibetrieb los,,,,,,
Himmelsleiter,,,,,,
Rainaissance,,,,,,
Tal!,,,,,,
Winterkeule,,,,,,
Jahreswechsel,,,,,,
Steinach,,,,,,
Vereinigten Staaten,,,,,,
Hauptstadtflughafen BER,,,,,,
Winterchaos,,,,,,
Deutschlands</li><li,,,,,,
Oberschwaben Schnee,,,,,,
Schottland,,,,,,
Modriach,,,,,,
Packgebiet,,,,,,
Rettungsdienste,,,,,,
Italiens Bergen,,,,,,
Neapel,,,,,,
Italiens,,,,,,
Evangelischen Waldkrankenhaus Spandau,,,,,,
Everest,,,,,,
Bayerns Alpen,,,,,,
Frederick Douglas Airport,,,,,,
Rochester,,,,,,
Geesthacht,,,,,,
Hause,,,,,,
Kalifornien,,,,,,
Skiklubs Bad Reichenhall,,,,,,
Masserberger,,,,,,
Heubach,,,,,,
D…,,,,,,
Straße zu räume…,,,,,,
Winter-Wetter,,,,,,
Schiphol,,,,,,
Chaos,,,,,,
Niederlanden,,,,,,
Strich,,,,,,
Sperrungen bei Schnee,,,,,,
Polizeipräsidiums Westpfalz,,,,,,
Schal,,,,,,
Mütze,,,,,,
Handschuhe,,,,,,
Haustür,,,,,,
Tem…,,,,,,
Ost…,,,,,,
A1 kracht,,,,,,
Sankt Martin am Tennengebirge,,,,,,
Sankt Martin,,,,,,
Winterwetter in Deutschland,,,,,,
Reifendruck,,,,,,
Wetter-Ausnahmezustand,,,,,,
SZ,,,,,,
Rekordwerte,,,,,,
Erzgebirges,,,,,,
Marienberg,,,,,,
Fährausfälle,,,,,,
Parkplätze,,,,,,
Wettermodelle,,,,,,
Weihnachtsferien,,,,,,
Weinebene,,,,,,
Kreischberg,,,,,,
Los,,,,,,
Kilometerlange Staus,,,,,,
Wintersport-Nahversorger,,,,,,
St. Johann im Rosental,,,,,,
Berg,,,,,,
Drautal,,,,,,
Sü…,,,,,,
Schneepracht,,,,,,
Parks,,,,,,
Maiszinken,,,,,,
Orthopäden,,,,,,
Schneeschieben,,,,,,
Afrika,,,,,,
St,,,,,,
Rocky Mountains,,,,,,
Flixbus,,,,,,
Skigebieten,,,,,,
Auslage,,,,,,
Karacho,,,,,,
halbe Land,,,,,,
Nordhälfte,,,,,,
Landes Schnee,,,,,,
Nevada,,,,,,
Westens,,,,,,
Babelsberg,,,,,,
Ingelheim,,,,,,
Türe,,,,,,
Passauer Land,,,,,,
Oleander,,,,,,
Eisglätte,,,,,,
F…,,,,,,
BGH,,,,,,
Deu…,,,,,,
Südbaden,,,,,,
Straßenmeistereien des Landes,,,,,,
Einheimischentarife,,,,,,
Schwarzenberg,,,,,,
Vail,,,,,,
Amerikaner,,,,,,
Abkommens,,,,,,
Resterhöhe,,,,,,
Skisaison,,,,,,
Tagesskipass,,,,,,
Jänner,,,,,,
Lauterbach,,,,,,
Annaberg-Buchholz,,,,,,
westl…,,,,,,
westli…,,,,,,
Oberhausen,,,,,,
Italiens Alpen,,,,,,
Luxus,,,,,,
Feuchtsalz,,,,,,
k…,,,,,,
Vorarlbergs,,,,,,
nassen F,,,,,,
Tourismusbranche,,,,,,
IbizaHEUTE,,,,,,
Bundesgerichtshof,,,,,,
Arlbergbahn,,,,,,
Karwendelbahn,,,,,,
Pongauer,,,,,,
A10,,,,,,
Ampelregelungen,,,,,,
Snow Space,,,,,,
Eiskratzen am Morgen,,,,,,
November-Wetter,,,,,,
Glatt,,,,,,
Tornados,,,,,,
Wasserhosen,,,,,,
Winterurlaub,,,,,,
Wolken aufziehe…,,,,,,
Niederungen,,,,,,
Tourismusbranche heuer,,,,,,
Schulbus,,,,,,
Thallichtenberg,,,,,,
Straße abge…,,,,,,
Kreis Waldeck-Frankenberg,,,,,,
Turrache…,,,,,,
Reiteralm,,,,,,
Planai-Hochwurzen-Bahnen,,,,,,
Lichtblick,,,,,,
Leica Galerie Düsseldorf,,,,,,
höheren Bergland,,,,,,
Schneeflocken in Bayern,,,,,,
Unterfranken,,,,,,
Brüssel d…,,,,,,
Hesse…,,,,,,
au…,,,,,,
Winterberg,,,,,,
Baden-Württemberg te,,,,,,
Turnau,,,,,,
Steuer,,,,,,
Kitzbühel,,,,,,
Winterliches Deutschland,,,,,,
Baden-Württemberg w…,,,,,,
Mittelgebirgsraum,,,,,,
Glätte-Alarm,,,,,,
Hessen ge,,,,,,
Schwabenbergarena,,,,,,
Samstagmorgen,,,,,,
Werratal,,,,,,
Wintersports,,,,,,
Hahntennjoch,,,,,,
Gewehe,,,,,,
ARKOCHIC,,,,,,
Brocken,,,,,,
Insassen,,,,,,
Kaunertal,,,,,,
Straßenrand,,,,,,
Beifahrer,,,,,,
Herren-Riesentorlaufs,,,,,,
Sölden am Sonntag,,,,,,
Offenbach/Poppenhausen,,,,,,
Anhalt,,,,,,
Skipass,,,,,,
Sachs…,,,,,,
Kamin,,,,,,
Montagnachmittag,,,,,,
Hochfügenerstraße,,,,,,
Zillertal,,,,,,
Bezirk Schwaz,,,,,,
Tirols,,,,,,
Gebirgsregionen,,,,,,
Irawan,,,,,,
Wathosen,,,,,,
Gewittern,,,,,,
Saisonstart,,,,,,
Katschberg,,,,,,
Ärmelkanal,,,,,,
Bretagne,,,,,,
Alpengipfeln,,,,,,
Bayerische Wald,,,,,,
Wälder,,,,,,
Schwarzwalde…,,,,,,
Aussicht,,,,,,
Weltall,,,,,,
Temperaturen w…,,,,,,
Andermatt-Sedrun,,,,,,
Atlantik,,,,,,
Joshua,,,,,,
Erzgebirgskreis,,,,,,
Dagebüll,,,,,,
Hitze,,,,,,
Weltraumspiegel,,,,,,
Tirols Bergen,,,,,,
Imst,,,,,,
Vogtland,,,,,,
Reutte,,,,,,
Gewalttat in Maintal +++ Friedensbrücke,,,,,,
Weihnachtsmarkt,,,,,,
Schnee-Garantie,,,,,,
Weihnachtsmarkt Schneeflocken,,,,,,
Wandsbeker Winterzauber,,,,,,
Landesgericht St. Pölten,,,,,,
Chile,,,,,,
Weinlese,,,,,,
fo­to­gra­fiert,,,,,,
see­en­de,,,,,,
Buchungsplattform Holidu,,,,,,
plöt­zen­see,,,,,,
Bergen ins Herz der Stadt,,,,,,
Tag am See,,,,,,
Garten,,,,,,
Kernelement,,,,,,
Matrashauses,,,,,,
Wolken-Nebel-Mix,,,,,,
Skirollerskates,,,,,,
französi…,,,,,,
Schneemangel,,,,,,
Berliner Sonne,,,,,,
Geldhahn,,,,,,
Playa de Palma,,,,,,
Ballermann,,,,,,
Bergnot,,,,,,
Auernig,,,,,,
Bezirk Spittal an der Drau,,,,,,
Burschen,,,,,,
Skipiste,,,,,,
Deutsch…,,,,,,
Alpenraum,,,,,,
Urlaub,,,,,,
Energiesparmodus,,,,,,
Helikopter,,,,,,
Todtnau,,,,,,
Landwirtschaftskammer Schleswig-Holstein,,,,,,
Mitreden,,,,,,
Königssee,,,,,,
Gewalttat in Maintal +++ Liveblog,,,,,,
Roadmap,,,,,,
Neuschnee-Nachschub,,,,,,
Zugspitze,,,,,,
stürmische Böen,,,,,,
Saalfelden,,,,,,
Unfallchirurgen,,,,,,
Energieversorgers Gasag,,,,,,
Immobilieneigentümern,,,,,,
Arlberg-Schnellstraße,,,,,,
Lebensgefahr,,,,,,
Frankenwald,,,,,,
Oberpfälzer Wald,,,,,,
Freitag los,,,,,,
Altaussee,,,,,,
Bezirk Liezen,,,,,,
bergen,,,,,,
Unfallstellen,,,,,,
Schneefahrbahn,,,,,,
Schneematsch,,,,,,
Inzersdorf,,,,,,
Salzburgs,,,,,,
Tennengau,,,,,,
Pinzgauer Straße,,,,,,
B311,,,,,,
Spiegelglatte,,,,,,
Fünf-Minuten-Weg,,,,,,
Friaul,,,,,,
Blechschäden,,,,,,
Eibenstock,,,,,,
Mecklenburg-Vorpommerns,,,,,,
Ha…,,,,,,
Folge</li><li,,,,,,
Stürzens</li><li,,,,,,
Regensburg,,,,,,
Berges,,,,,,
Mount Everest Region,,,,,,
tiefwinterlich,,,,,,
Gailtal,,,,,,
Furkajochs,,,,,,
Furkajoch,,,,,,
Bad Laterns,,,,,,
Damüls,,,,,,
Sicherheitsgründen,,,,,,
Feldkirch,,,,,,
Monaten,,,,,,
Plöckenpass,,,,,,
Bischofshofen,,,,,,
Gefahrenstufen,,,,,,
Dresden/Magdeburg/Erfurt,,,,,,
Lawinenprobleme,,,,,,
Riesen-Tanne,,,,,,
Berlin-Mitte,,,,,,
Land Salzburg,,,,,,
GIeßen,,,,,,
Poseck,,,,,,
Tauernautobahn heuer,,,,,,
Oberösterreichs,,,,,,
Tälern,,,,,,
Polarkreis,,,,,,
Krimi-Bestsellers,,,,,,
Anrede,,,,,,
Hattersheim,,,,,,
Millionenschaden,,,,,,
Großbrand,,,,,,
Lagerkomplex,,,,,,
Schladming-Dachstein,,,,,,
Skigebiete Planai,,,,,,
Zehner-Gondelbahn,,,,,,
Achter-Sesselbahn,,,,,,
Indoor-Schneefall,,,,,,
Eisfläche,,,,,,
Winter-Wonderland,,,,,,
Niederösterreichs,,,,,,
Schneedeckenaufbau,,,,,,
Vorarlberg,,,,,,
Ostsachsen,,,,,,
Oberlausitzer Bergland,,,,,,
Thüringer Bergland,,,,,,
Westösterreich,,,,,,
Nieder-,,,,,,
Steiermark …,,,,,,
Couch,,,,,,
Hittisau,,,,,,
Garmisch-Partenkirchen,,,,,,
Offenbach vorhers…,,,,,,
Glatteisrisiko,,,,,,
besond…,,,,,,
Sturmböen an der Nordsee,,,,,,
Fichtelberg …,,,,,,
Bödele,,,,,,
Dornbirn,,,,,,
A3,,,,,,
Oldenburg/Bremen,,,,,,
Oberpfalz sta,,,,,,
Gefährliche Glätte,,,,,,
Nervenkitzel,,,,,,
Seebliga-Bahn,,,,,,
Wochenendbetrieb,,,,,,
Seefelder Straße,,,,,,
B177,,,,,,
Zirl,,,,,,
Burgenlandes heuer,,,,,,
Eisenstadt,,,,,,
Neusiedler See,,,,,,
Bernstein,,,,,,
Geschriebenstein,,,,,,
Thüringer Wald“,,,,,,
Rennsteigregion,,,,,,
November-Sommer,,,,,,
Dresdner,,,,,,
Super-Vorverkau…,,,,,,
Sonntag Schnee,,,,,,
Temperaturen absacken,,,,,,
Tourismusverband Innsbruck,,,,,,
Berufsverkehrs,,,,,,
Stunden am Morgen,,,,,,
Passauer,,,,,,
Wetterbericht,,,,,,
www.zuginfo.nrw,,,,,,
Arnsberg,,,,,,
Zügen,,,,,,
Metern,,,,,,
Infrastrukturministeriums,,,,,,
Sachsen-Anhalts,,,,,,
Schneeverwehungen im Schwarzwald,,,,,,
Südschwarzwal…,,,,,,
Räumfahrzeug,,,,,,
Thalfang,,,,,,
anr…,,,,,,
Straßensperrungen,,,,,,
Meinerzhagen,,,,,,
NRW)/Suhl,,,,,,
laufen,,,,,,
Altenberg,,,,,,
sächsischen Bergen,,,,,,
Sonnenstrahlen,,,,,,
Saisonbeginn,,,,,,
Lech,,,,,,
Wirtschaftskammer Tirol,,,,,,
Schnee“,,,,,,
plötzlic…,,,,,,
Cuxhaven,,,,,,
Jever,,,,,,
Di…,,,,,,
DeutschlandsGlatte,,,,,,
Nordtirol,,,,,,
Magdeburg/Halle,,,,,,
Blitzeis,,,,,,
gefrierenden Regen,,,,,,
Schneesturm am,,,,,,
Höhengebiet,,,,,,
Winterwetters am Morgen,,,,,,
S1,,,,,,
S2,,,,,,
S5,,,,,,
lby,,,,,,
Flughäfen,,,,,,
Flughafen Münche…,,,,,,
Polizeidienststellen,,,,,,
Provinzen,,,,,,
winterlich-kalt,,,,,,
Leer,,,,,,
Gera,,,,,,
NÖ Bergerlebnispass,,,,,,
Ranstadt-Dauernheim,,,,,,
Wochenendes,,,,,,
Brande…,,,,,,
Land…,,,,,,
Ski-Tickets,,,,,,
Bahngleise,,,,,,
Was,,,,,,
Ulm,,,,,,
Brandenburg auf Schnee,,,,,,
Zauchensee,,,,,,
Himalaja,,,,,,
Obertauern,,,,,,
Pongau/Lungau,,,,,,
Winzern,,,,,,
Reifenwechsel,,,,,,
Dachstein West heu…,,,,,,
Wei…,,,,,,
